payment_method,day_period,chiffre_affaires,nb_transactions,part_ca_pct
BANK_TRANSFER,Afternoon,3727136.96,9542,6.87
BANK_TRANSFER,Evening,2560658.05,6597,4.72
BANK_TRANSFER,Morning,2921176.82,7847,5.38
BANK_TRANSFER,Night,1202608.01,3092,2.22
CARD,Afternoon,6208585.97,16246,11.44
CARD,Evening,4223796.16,11203,7.79
CARD,Morning,5193088.88,13527,9.57
CARD,Night,2030285.36,5357,3.74
CASH,Afternoon,2856289.65,7576,5.26
CASH,Evening,2060983.55,5255,3.8
CASH,Morning,2395377.82,6186,4.42
CASH,Night,953239.98,2486,1.76
CRYPTO,Afternoon,1484376.28,3838,2.74
CRYPTO,Evening,1000701.67,2582,1.84
CRYPTO,Morning,1221008.13,3168,2.25
CRYPTO,Night,3016129.6,1981,5.56
PAYPAL,Afternoon,3880990.41,10327,7.15
PAYPAL,Evening,2689930.0,7071,4.96
PAYPAL,Morning,3223934.5,8513,5.94
PAYPAL,Night,1283988.03,3468,2.37
UNKNOWN,Afternoon,35219.05,102,0.06
UNKNOWN,Evening,27777.15,70,0.05
UNKNOWN,Morning,32918.99,82,0.06
UNKNOWN,Night,21721.56,41,0.04
